VideoId,LabelConfidencePairs
../Twitch_Fails.mp4,0 0.283379 2 0.122738 19 0.021672 3 0.016265 1 0.013903 5 0.012861 9 0.012258 12 0.012206 28 0.011457 31 0.008771 8 0.007945 6 0.007761 47 0.007586 33 0.006772 7 0.006744 111 0.006422 61 0.005686 4 0.005498 176 0.005489 13 0.005424
