VideoId,LabelConfidencePairs
../Twitch_Fails.mp4,0 0.411183 2 0.396436 47 0.386686 33 0.383035 19 0.382768 43 0.382151 141 0.382019 131 0.380968 8 0.380031 28 0.379693 5 0.379170 31 0.378566 90 0.378566 97 0.378321 121 0.377540 96 0.377398 61 0.377008 111 0.376728 29 0.376705 138 0.376660
